BKDN_1_0-A.jpg,10
BKDN_1_0-B.jpg,10
BKDN_1_0-C.jpg,8
BKDN_1_0-D.jpg,9
BKDN_1_1-A.jpg,10
BKDN_1_1-B.jpg,9
BKDN_1_1-C.jpg,8
BKDN_1_1-D.jpg,7
BKDN_1_10-A.jpg,7
BKDN_1_10-B.jpg,9
BKDN_1_10-C.jpg,9
BKDN_1_10-D.jpg,9
BKDN_1_11-A.jpg,10
BKDN_1_11-B.jpg,8
BKDN_1_11-C.jpg,10
BKDN_1_11-D.jpg,10
BKDN_1_2-A.jpg,9
BKDN_1_2-B.jpg,7
BKDN_1_2-C.jpg,10
BKDN_1_2-D.jpg,9
BKDN_1_3-A.jpg,8
BKDN_1_3-B.jpg,9
BKDN_1_3-C.jpg,9
BKDN_1_3-D.jpg,10
BKDN_1_4-A.jpg,9
BKDN_1_4-B.jpg,10
BKDN_1_4-C.jpg,8
BKDN_1_4-D.jpg,9
BKDN_1_5-A.jpg,7
BKDN_1_5-B.jpg,9
BKDN_1_5-C.jpg,10
BKDN_1_5-D.jpg,8
BKDN_1_6-A.jpg,10
BKDN_1_6-B.jpg,7
BKDN_1_6-C.jpg,9
BKDN_1_6-D.jpg,9
BKDN_1_7-A.jpg,9
BKDN_1_7-B.jpg,9
BKDN_1_7-C.jpg,8
BKDN_1_7-D.jpg,10
BKDN_1_8-A.jpg,7
BKDN_1_8-B.jpg,8
BKDN_1_8-C.jpg,10
BKDN_1_8-D.jpg,9
BKDN_1_9-A.jpg,10
BKDN_1_9-B.jpg,10
BKDN_1_9-C.jpg,7
BKDN_1_9-D.jpg,7
BKDN_2_0-A.jpg,6
BKDN_2_0-B.jpg,4
BKDN_2_0-C.jpg,1
BKDN_2_0-D.jpg,0
BKDN_2_1-A.jpg,7
BKDN_2_1-B.jpg,4
BKDN_2_1-C.jpg,1
BKDN_2_1-D.jpg,0
BKDN_2_10-A.jpg,7
BKDN_2_10-B.jpg,2
BKDN_2_10-C.jpg,1
BKDN_2_10-D.jpg,1
BKDN_2_11-A.jpg,6
BKDN_2_11-B.jpg,2
BKDN_2_11-C.jpg,2
BKDN_2_11-D.jpg,0
BKDN_2_2-A.jpg,7
BKDN_2_2-B.jpg,3
BKDN_2_2-C.jpg,1
BKDN_2_2-D.jpg,0
BKDN_2_3-A.jpg,6
BKDN_2_3-B.jpg,3
BKDN_2_3-C.jpg,1
BKDN_2_3-D.jpg,0
BKDN_2_4-A.jpg,7
BKDN_2_4-B.jpg,3
BKDN_2_4-C.jpg,2
BKDN_2_4-D.jpg,1
BKDN_2_5-A.jpg,6
BKDN_2_5-B.jpg,2
BKDN_2_5-C.jpg,2
BKDN_2_5-D.jpg,1
BKDN_2_6-A.jpg,7
BKDN_2_6-B.jpg,2
BKDN_2_6-C.jpg,1
BKDN_2_6-D.jpg,0
BKDN_2_7-A.jpg,7
BKDN_2_7-B.jpg,3
BKDN_2_7-C.jpg,2
BKDN_2_7-D.jpg,0
BKDN_2_8-A.jpg,8
BKDN_2_8-B.jpg,3
BKDN_2_8-C.jpg,1
BKDN_2_8-D.jpg,0
BKDN_2_9-A.jpg,8
BKDN_2_9-B.jpg,2
BKDN_2_9-C.jpg,2
BKDN_2_9-D.jpg,0
BKDN_3_0-A.jpg,5
BKDN_3_0-B.jpg,3
BKDN_3_0-C.jpg,1
BKDN_3_0-D.jpg,1
BKDN_3_1-A.jpg,5
BKDN_3_1-B.jpg,3
BKDN_3_1-C.jpg,1
BKDN_3_1-D.jpg,1
BKDN_3_10-A.jpg,5
BKDN_3_10-B.jpg,3
BKDN_3_10-C.jpg,1
BKDN_3_10-D.jpg,1
BKDN_3_11-A.jpg,5
BKDN_3_11-B.jpg,3
BKDN_3_11-C.jpg,1
BKDN_3_11-D.jpg,1
BKDN_3_2-A.jpg,4
BKDN_3_2-B.jpg,2
BKDN_3_2-C.jpg,1
BKDN_3_2-D.jpg,1
BKDN_3_3-A.jpg,4
BKDN_3_3-B.jpg,3
BKDN_3_3-C.jpg,1
BKDN_3_3-D.jpg,1
BKDN_3_4-A.jpg,5
BKDN_3_4-B.jpg,3
BKDN_3_4-C.jpg,0
BKDN_3_4-D.jpg,0
BKDN_3_5-A.jpg,4
BKDN_3_5-B.jpg,3
BKDN_3_5-C.jpg,0
BKDN_3_5-D.jpg,1
BKDN_3_6-A.jpg,5
BKDN_3_6-B.jpg,2
BKDN_3_6-C.jpg,1
BKDN_3_6-D.jpg,1
BKDN_3_7-A.jpg,4
BKDN_3_7-B.jpg,3
BKDN_3_7-C.jpg,1
BKDN_3_7-D.jpg,1
BKDN_3_8-A.jpg,4
BKDN_3_8-B.jpg,3
BKDN_3_8-C.jpg,1
BKDN_3_8-D.jpg,1
BKDN_3_9-A.jpg,5
BKDN_3_9-B.jpg,2
BKDN_3_9-C.jpg,0
BKDN_3_9-D.jpg,0
BKDN_4_0-A.jpg,10
BKDN_4_0-B.jpg,9
BKDN_4_0-C.jpg,10
BKDN_4_0-D.jpg,5
BKDN_4_1-A.jpg,7
BKDN_4_1-B.jpg,10
BKDN_4_1-C.jpg,10
BKDN_4_1-D.jpg,5
BKDN_4_10-A.jpg,7
BKDN_4_10-B.jpg,9
BKDN_4_10-C.jpg,10
BKDN_4_10-D.jpg,5
BKDN_4_11-A.jpg,9
BKDN_4_11-B.jpg,9
BKDN_4_11-C.jpg,10
BKDN_4_11-D.jpg,5
BKDN_4_2-A.jpg,10
BKDN_4_2-B.jpg,9
BKDN_4_2-C.jpg,10
BKDN_4_2-D.jpg,5
BKDN_4_3-A.jpg,7
BKDN_4_3-B.jpg,10
BKDN_4_3-C.jpg,10
BKDN_4_3-D.jpg,5
BKDN_4_4-A.jpg,8
BKDN_4_4-B.jpg,9
BKDN_4_4-C.jpg,10
BKDN_4_4-D.jpg,5
BKDN_4_5-A.jpg,8
BKDN_4_5-B.jpg,10
BKDN_4_5-C.jpg,10
BKDN_4_5-D.jpg,5
BKDN_4_6-A.jpg,7
BKDN_4_6-B.jpg,9
BKDN_4_6-C.jpg,10
BKDN_4_6-D.jpg,5
BKDN_4_7-A.jpg,9
BKDN_4_7-B.jpg,10
BKDN_4_7-C.jpg,10
BKDN_4_7-D.jpg,5
BKDN_4_8-A.jpg,7
BKDN_4_8-B.jpg,9
BKDN_4_8-C.jpg,10
BKDN_4_8-D.jpg,5
BKDN_4_9-A.jpg,9
BKDN_4_9-B.jpg,10
BKDN_4_9-C.jpg,10
BKDN_4_9-D.jpg,5
BKDN_5_0-A.jpg,10
BKDN_5_0-B.jpg,7
BKDN_5_0-C.jpg,6
BKDN_5_0-D.jpg,9
BKDN_5_1-A.jpg,10
BKDN_5_1-B.jpg,7
BKDN_5_1-C.jpg,3
BKDN_5_1-D.jpg,9
BKDN_5_10-A.jpg,5
BKDN_5_10-B.jpg,8
BKDN_5_10-C.jpg,3
BKDN_5_10-D.jpg,5
BKDN_5_11-A.jpg,5
BKDN_5_11-B.jpg,7
BKDN_5_11-C.jpg,6
BKDN_5_11-D.jpg,6
BKDN_5_2-A.jpg,10
BKDN_5_2-B.jpg,8
BKDN_5_2-C.jpg,6
BKDN_5_2-D.jpg,7
BKDN_5_3-A.jpg,10
BKDN_5_3-B.jpg,8
BKDN_5_3-C.jpg,6
BKDN_5_3-D.jpg,9
BKDN_5_4-A.jpg,10
BKDN_5_4-B.jpg,7
BKDN_5_4-C.jpg,6
BKDN_5_4-D.jpg,7
BKDN_5_5-A.jpg,5
BKDN_5_5-B.jpg,8
BKDN_5_5-C.jpg,6
BKDN_5_5-D.jpg,9
BKDN_5_6-A.jpg,10
BKDN_5_6-B.jpg,7
BKDN_5_6-C.jpg,6
BKDN_5_6-D.jpg,6
BKDN_5_7-A.jpg,10
BKDN_5_7-B.jpg,8
BKDN_5_7-C.jpg,6
BKDN_5_7-D.jpg,6
BKDN_5_8-A.jpg,5
BKDN_5_8-B.jpg,7
BKDN_5_8-C.jpg,3
BKDN_5_8-D.jpg,6
BKDN_5_9-A.jpg,10
BKDN_5_9-B.jpg,7
BKDN_5_9-C.jpg,6
BKDN_5_9-D.jpg,5
BKHCM_1_0-A.jpg,7
BKHCM_1_0-B.jpg,6
BKHCM_1_0-C.jpg,1
BKHCM_1_0-D.jpg,2
BKHCM_1_1-A.jpg,7
BKHCM_1_1-B.jpg,5
BKHCM_1_1-C.jpg,1
BKHCM_1_1-D.jpg,2
BKHCM_1_10-A.jpg,8
BKHCM_1_10-B.jpg,3
BKHCM_1_10-C.jpg,0
BKHCM_1_10-D.jpg,4
BKHCM_1_11-A.jpg,7
BKHCM_1_11-B.jpg,2
BKHCM_1_11-C.jpg,1
BKHCM_1_11-D.jpg,5
BKHCM_1_2-A.jpg,7
BKHCM_1_2-B.jpg,4
BKHCM_1_2-C.jpg,0
BKHCM_1_2-D.jpg,3
BKHCM_1_3-A.jpg,7
BKHCM_1_3-B.jpg,3
BKHCM_1_3-C.jpg,0
BKHCM_1_3-D.jpg,2
BKHCM_1_4-A.jpg,8
BKHCM_1_4-B.jpg,3
BKHCM_1_4-C.jpg,1
BKHCM_1_4-D.jpg,3
BKHCM_1_5-A.jpg,8
BKHCM_1_5-B.jpg,3
BKHCM_1_5-C.jpg,0
BKHCM_1_5-D.jpg,2
BKHCM_1_6-A.jpg,8
BKHCM_1_6-B.jpg,6
BKHCM_1_6-C.jpg,1
BKHCM_1_6-D.jpg,7
BKHCM_1_7-A.jpg,7
BKHCM_1_7-B.jpg,3
BKHCM_1_7-C.jpg,1
BKHCM_1_7-D.jpg,5
BKHCM_1_8-A.jpg,7
BKHCM_1_8-B.jpg,5
BKHCM_1_8-C.jpg,0
BKHCM_1_8-D.jpg,6
BKHCM_1_9-A.jpg,7
BKHCM_1_9-B.jpg,6
BKHCM_1_9-C.jpg,1
BKHCM_1_9-D.jpg,4
BKHCM_2_0-A.jpg,6
BKHCM_2_0-B.jpg,2
BKHCM_2_0-C.jpg,3
BKHCM_2_0-D.jpg,3
BKHCM_2_1-A.jpg,3
BKHCM_2_1-B.jpg,0
BKHCM_2_1-C.jpg,1
BKHCM_2_1-D.jpg,2
BKHCM_2_10-A.jpg,6
BKHCM_2_10-B.jpg,1
BKHCM_2_10-C.jpg,4
BKHCM_2_10-D.jpg,1
BKHCM_2_11-A.jpg,9
BKHCM_2_11-B.jpg,2
BKHCM_2_11-C.jpg,4
BKHCM_2_11-D.jpg,0
BKHCM_2_2-A.jpg,6
BKHCM_2_2-B.jpg,2
BKHCM_2_2-C.jpg,3
BKHCM_2_2-D.jpg,4
BKHCM_2_3-A.jpg,9
BKHCM_2_3-B.jpg,2
BKHCM_2_3-C.jpg,3
BKHCM_2_3-D.jpg,3
BKHCM_2_4-A.jpg,3
BKHCM_2_4-B.jpg,1
BKHCM_2_4-C.jpg,5
BKHCM_2_4-D.jpg,4
BKHCM_2_5-A.jpg,6
BKHCM_2_5-B.jpg,1
BKHCM_2_5-C.jpg,5
BKHCM_2_5-D.jpg,3
BKHCM_2_6-A.jpg,9
BKHCM_2_6-B.jpg,1
BKHCM_2_6-C.jpg,4
BKHCM_2_6-D.jpg,2
BKHCM_2_7-A.jpg,6
BKHCM_2_7-B.jpg,1
BKHCM_2_7-C.jpg,4
BKHCM_2_7-D.jpg,1
BKHCM_2_8-A.jpg,9
BKHCM_2_8-B.jpg,1
BKHCM_2_8-C.jpg,4
BKHCM_2_8-D.jpg,0
BKHCM_2_9-A.jpg,3
BKHCM_2_9-B.jpg,1
BKHCM_2_9-C.jpg,4
BKHCM_2_9-D.jpg,0
BKHCM_3_0-A.jpg,3
BKHCM_3_0-B.jpg,3
BKHCM_3_0-C.jpg,2
BKHCM_3_0-D.jpg,0
BKHCM_3_1-A.jpg,2
BKHCM_3_1-B.jpg,2
BKHCM_3_1-C.jpg,3
BKHCM_3_1-D.jpg,0
BKHCM_3_10-A.jpg,5
BKHCM_3_10-B.jpg,2
BKHCM_3_10-C.jpg,5
BKHCM_3_10-D.jpg,0
BKHCM_3_11-A.jpg,4
BKHCM_3_11-B.jpg,3
BKHCM_3_11-C.jpg,1
BKHCM_3_11-D.jpg,1
BKHCM_3_2-A.jpg,5
BKHCM_3_2-B.jpg,3
BKHCM_3_2-C.jpg,2
BKHCM_3_2-D.jpg,0
BKHCM_3_3-A.jpg,4
BKHCM_3_3-B.jpg,2
BKHCM_3_3-C.jpg,4
BKHCM_3_3-D.jpg,0
BKHCM_3_4-A.jpg,1
BKHCM_3_4-B.jpg,3
BKHCM_3_4-C.jpg,2
BKHCM_3_4-D.jpg,0
BKHCM_3_5-A.jpg,5
BKHCM_3_5-B.jpg,2
BKHCM_3_5-C.jpg,4
BKHCM_3_5-D.jpg,1
BKHCM_3_6-A.jpg,4
BKHCM_3_6-B.jpg,2
BKHCM_3_6-C.jpg,2
BKHCM_3_6-D.jpg,0
BKHCM_3_7-A.jpg,5
BKHCM_3_7-B.jpg,3
BKHCM_3_7-C.jpg,4
BKHCM_3_7-D.jpg,1
BKHCM_3_8-A.jpg,4
BKHCM_3_8-B.jpg,2
BKHCM_3_8-C.jpg,2
BKHCM_3_8-D.jpg,0
BKHCM_3_9-A.jpg,1
BKHCM_3_9-B.jpg,3
BKHCM_3_9-C.jpg,4
BKHCM_3_9-D.jpg,1
BKHCM_4_0-A.jpg,10
BKHCM_4_0-B.jpg,9
BKHCM_4_0-C.jpg,3
BKHCM_4_0-D.jpg,6
BKHCM_4_1-A.jpg,10
BKHCM_4_1-B.jpg,9
BKHCM_4_1-C.jpg,6
BKHCM_4_1-D.jpg,3
BKHCM_4_10-A.jpg,6
BKHCM_4_10-B.jpg,7
BKHCM_4_10-C.jpg,7
BKHCM_4_10-D.jpg,6
BKHCM_4_11-A.jpg,5
BKHCM_4_11-B.jpg,7
BKHCM_4_11-C.jpg,6
BKHCM_4_11-D.jpg,7
BKHCM_4_2-A.jpg,9
BKHCM_4_2-B.jpg,7
BKHCM_4_2-C.jpg,7
BKHCM_4_2-D.jpg,7
BKHCM_4_3-A.jpg,9
BKHCM_4_3-B.jpg,10
BKHCM_4_3-C.jpg,7
BKHCM_4_3-D.jpg,6
BKHCM_4_4-A.jpg,8
BKHCM_4_4-B.jpg,10
BKHCM_4_4-C.jpg,5
BKHCM_4_4-D.jpg,5
BKHCM_4_5-A.jpg,8
BKHCM_4_5-B.jpg,10
BKHCM_4_5-C.jpg,5
BKHCM_4_5-D.jpg,4
BKHCM_4_6-A.jpg,8
BKHCM_4_6-B.jpg,6
BKHCM_4_6-C.jpg,4
BKHCM_4_6-D.jpg,3
BKHCM_4_7-A.jpg,7
BKHCM_4_7-B.jpg,5
BKHCM_4_7-C.jpg,2
BKHCM_4_7-D.jpg,3
BKHCM_4_8-A.jpg,7
BKHCM_4_8-B.jpg,10
BKHCM_4_8-C.jpg,4
BKHCM_4_8-D.jpg,6
BKHCM_4_9-A.jpg,6
BKHCM_4_9-B.jpg,6
BKHCM_4_9-C.jpg,7
BKHCM_4_9-D.jpg,5
BKHCM_5_0-A.jpg,9
BKHCM_5_0-B.jpg,10
BKHCM_5_0-C.jpg,9
BKHCM_5_0-D.jpg,5
BKHCM_5_1-A.jpg,9
BKHCM_5_1-B.jpg,10
BKHCM_5_1-C.jpg,7
BKHCM_5_1-D.jpg,5
BKHCM_5_10-A.jpg,8
BKHCM_5_10-B.jpg,10
BKHCM_5_10-C.jpg,9
BKHCM_5_10-D.jpg,2
BKHCM_5_11-A.jpg,10
BKHCM_5_11-B.jpg,9
BKHCM_5_11-C.jpg,6
BKHCM_5_11-D.jpg,4
BKHCM_5_2-A.jpg,8
BKHCM_5_2-B.jpg,10
BKHCM_5_2-C.jpg,9
BKHCM_5_2-D.jpg,5
BKHCM_5_3-A.jpg,6
BKHCM_5_3-B.jpg,9
BKHCM_5_3-C.jpg,9
BKHCM_5_3-D.jpg,5
BKHCM_5_4-A.jpg,6
BKHCM_5_4-B.jpg,9
BKHCM_5_4-C.jpg,10
BKHCM_5_4-D.jpg,3
BKHCM_5_5-A.jpg,9
BKHCM_5_5-B.jpg,8
BKHCM_5_5-C.jpg,9
BKHCM_5_5-D.jpg,6
BKHCM_5_6-A.jpg,4
BKHCM_5_6-B.jpg,9
BKHCM_5_6-C.jpg,7
BKHCM_5_6-D.jpg,7
BKHCM_5_7-A.jpg,6
BKHCM_5_7-B.jpg,8
BKHCM_5_7-C.jpg,9
BKHCM_5_7-D.jpg,5
BKHCM_5_8-A.jpg,9
BKHCM_5_8-B.jpg,9
BKHCM_5_8-C.jpg,10
BKHCM_5_8-D.jpg,4
BKHCM_5_9-A.jpg,9
BKHCM_5_9-B.jpg,7
BKHCM_5_9-C.jpg,6
BKHCM_5_9-D.jpg,3
BKHN_1_0-A.jpg,9
BKHN_1_0-B.jpg,7
BKHN_1_0-C.jpg,9
BKHN_1_0-D.jpg,10
BKHN_1_1-A.jpg,7
BKHN_1_1-B.jpg,9
BKHN_1_1-C.jpg,7
BKHN_1_1-D.jpg,10
BKHN_1_10-A.jpg,9
BKHN_1_10-B.jpg,8
BKHN_1_10-C.jpg,9
BKHN_1_10-D.jpg,0
BKHN_1_11-A.jpg,9
BKHN_1_11-B.jpg,6
BKHN_1_11-C.jpg,9
BKHN_1_11-D.jpg,10
BKHN_1_2-A.jpg,9
BKHN_1_2-B.jpg,9
BKHN_1_2-C.jpg,6
BKHN_1_2-D.jpg,10
BKHN_1_3-A.jpg,6
BKHN_1_3-B.jpg,6
BKHN_1_3-C.jpg,6
BKHN_1_3-D.jpg,10
BKHN_1_4-A.jpg,9
BKHN_1_4-B.jpg,9
BKHN_1_4-C.jpg,9
BKHN_1_4-D.jpg,10
BKHN_1_5-A.jpg,7
BKHN_1_5-B.jpg,7
BKHN_1_5-C.jpg,7
BKHN_1_5-D.jpg,10
BKHN_1_6-A.jpg,8
BKHN_1_6-B.jpg,9
BKHN_1_6-C.jpg,7
BKHN_1_6-D.jpg,10
BKHN_1_7-A.jpg,8
BKHN_1_7-B.jpg,8
BKHN_1_7-C.jpg,9
BKHN_1_7-D.jpg,10
BKHN_1_8-A.jpg,6
BKHN_1_8-B.jpg,6
BKHN_1_8-C.jpg,9
BKHN_1_8-D.jpg,10
BKHN_1_9-A.jpg,9
BKHN_1_9-B.jpg,9
BKHN_1_9-C.jpg,8
BKHN_1_9-D.jpg,0
BKHN_2_0-A.jpg,9
BKHN_2_0-B.jpg,5
BKHN_2_0-C.jpg,3
BKHN_2_0-D.jpg,2
BKHN_2_1-A.jpg,7
BKHN_2_1-B.jpg,9
BKHN_2_1-C.jpg,3
BKHN_2_1-D.jpg,0
BKHN_2_10-A.jpg,9
BKHN_2_10-B.jpg,9
BKHN_2_10-C.jpg,3
BKHN_2_10-D.jpg,0
BKHN_2_11-A.jpg,7
BKHN_2_11-B.jpg,8
BKHN_2_11-C.jpg,1
BKHN_2_11-D.jpg,2
BKHN_2_2-A.jpg,9
BKHN_2_2-B.jpg,7
BKHN_2_2-C.jpg,1
BKHN_2_2-D.jpg,0
BKHN_2_3-A.jpg,5
BKHN_2_3-B.jpg,7
BKHN_2_3-C.jpg,1
BKHN_2_3-D.jpg,2
BKHN_2_4-A.jpg,7
BKHN_2_4-B.jpg,6
BKHN_2_4-C.jpg,3
BKHN_2_4-D.jpg,2
BKHN_2_5-A.jpg,6
BKHN_2_5-B.jpg,8
BKHN_2_5-C.jpg,3
BKHN_2_5-D.jpg,2
BKHN_2_6-A.jpg,9
BKHN_2_6-B.jpg,8
BKHN_2_6-C.jpg,1
BKHN_2_6-D.jpg,1
BKHN_2_7-A.jpg,7
BKHN_2_7-B.jpg,4
BKHN_2_7-C.jpg,1
BKHN_2_7-D.jpg,1
BKHN_2_8-A.jpg,9
BKHN_2_8-B.jpg,2
BKHN_2_8-C.jpg,3
BKHN_2_8-D.jpg,2
BKHN_2_9-A.jpg,6
BKHN_2_9-B.jpg,2
BKHN_2_9-C.jpg,1
BKHN_2_9-D.jpg,1
BKHN_3_0-A.jpg,6
BKHN_3_0-B.jpg,7
BKHN_3_0-C.jpg,4
BKHN_3_0-D.jpg,10
BKHN_3_1-A.jpg,7
BKHN_3_1-B.jpg,1
BKHN_3_1-C.jpg,4
BKHN_3_1-D.jpg,0
BKHN_3_10-A.jpg,1
BKHN_3_10-B.jpg,5
BKHN_3_10-C.jpg,2
BKHN_3_10-D.jpg,10
BKHN_3_11-A.jpg,6
BKHN_3_11-B.jpg,5
BKHN_3_11-C.jpg,3
BKHN_3_11-D.jpg,0
BKHN_3_2-A.jpg,6
BKHN_3_2-B.jpg,6
BKHN_3_2-C.jpg,4
BKHN_3_2-D.jpg,0
BKHN_3_3-A.jpg,1
BKHN_3_3-B.jpg,6
BKHN_3_3-C.jpg,7
BKHN_3_3-D.jpg,10
BKHN_3_4-A.jpg,6
BKHN_3_4-B.jpg,9
BKHN_3_4-C.jpg,6
BKHN_3_4-D.jpg,5
BKHN_3_5-A.jpg,9
BKHN_3_5-B.jpg,1
BKHN_3_5-C.jpg,9
BKHN_3_5-D.jpg,5
BKHN_3_6-A.jpg,6
BKHN_3_6-B.jpg,6
BKHN_3_6-C.jpg,7
BKHN_3_6-D.jpg,10
BKHN_3_7-A.jpg,1
BKHN_3_7-B.jpg,7
BKHN_3_7-C.jpg,6
BKHN_3_7-D.jpg,0
BKHN_3_8-A.jpg,6
BKHN_3_8-B.jpg,7
BKHN_3_8-C.jpg,5
BKHN_3_8-D.jpg,5
BKHN_3_9-A.jpg,7
BKHN_3_9-B.jpg,6
BKHN_3_9-C.jpg,2
BKHN_3_9-D.jpg,5
BKHN_4_0-A.jpg,6
BKHN_4_0-B.jpg,7
BKHN_4_0-C.jpg,4
BKHN_4_0-D.jpg,3
BKHN_4_1-A.jpg,7
BKHN_4_1-B.jpg,6
BKHN_4_1-C.jpg,4
BKHN_4_1-D.jpg,5
BKHN_4_10-A.jpg,3
BKHN_4_10-B.jpg,7
BKHN_4_10-C.jpg,2
BKHN_4_10-D.jpg,6
BKHN_4_11-A.jpg,7
BKHN_4_11-B.jpg,5
BKHN_4_11-C.jpg,1
BKHN_4_11-D.jpg,3
BKHN_4_2-A.jpg,6
BKHN_4_2-B.jpg,9
BKHN_4_2-C.jpg,3
BKHN_4_2-D.jpg,5
BKHN_4_3-A.jpg,3
BKHN_4_3-B.jpg,3
BKHN_4_3-C.jpg,4
BKHN_4_3-D.jpg,4
BKHN_4_4-A.jpg,6
BKHN_4_4-B.jpg,9
BKHN_4_4-C.jpg,4
BKHN_4_4-D.jpg,6
BKHN_4_5-A.jpg,9
BKHN_4_5-B.jpg,7
BKHN_4_5-C.jpg,2
BKHN_4_5-D.jpg,5
BKHN_4_6-A.jpg,7
BKHN_4_6-B.jpg,6
BKHN_4_6-C.jpg,2
BKHN_4_6-D.jpg,3
BKHN_4_7-A.jpg,6
BKHN_4_7-B.jpg,6
BKHN_4_7-C.jpg,4
BKHN_4_7-D.jpg,2
BKHN_4_8-A.jpg,9
BKHN_4_8-B.jpg,9
BKHN_4_8-C.jpg,3
BKHN_4_8-D.jpg,6
BKHN_4_9-A.jpg,9
BKHN_4_9-B.jpg,6
BKHN_4_9-C.jpg,4
BKHN_4_9-D.jpg,3
BKHN_5_0-A.jpg,9
BKHN_5_0-B.jpg,7
BKHN_5_0-C.jpg,7
BKHN_5_0-D.jpg,8
BKHN_5_1-A.jpg,9
BKHN_5_1-B.jpg,9
BKHN_5_1-C.jpg,6
BKHN_5_1-D.jpg,8
BKHN_5_10-A.jpg,9
BKHN_5_10-B.jpg,9
BKHN_5_10-C.jpg,6
BKHN_5_10-D.jpg,10
BKHN_5_11-A.jpg,6
BKHN_5_11-B.jpg,9
BKHN_5_11-C.jpg,7
BKHN_5_11-D.jpg,10
BKHN_5_2-A.jpg,7
BKHN_5_2-B.jpg,6
BKHN_5_2-C.jpg,9
BKHN_5_2-D.jpg,8
BKHN_5_3-A.jpg,6
BKHN_5_3-B.jpg,9
BKHN_5_3-C.jpg,7
BKHN_5_3-D.jpg,10
BKHN_5_4-A.jpg,9
BKHN_5_4-B.jpg,7
BKHN_5_4-C.jpg,6
BKHN_5_4-D.jpg,10
BKHN_5_5-A.jpg,6
BKHN_5_5-B.jpg,7
BKHN_5_5-C.jpg,9
BKHN_5_5-D.jpg,8
BKHN_5_6-A.jpg,9
BKHN_5_6-B.jpg,6
BKHN_5_6-C.jpg,7
BKHN_5_6-D.jpg,10
BKHN_5_7-A.jpg,6
BKHN_5_7-B.jpg,6
BKHN_5_7-C.jpg,6
BKHN_5_7-D.jpg,10
BKHN_5_8-A.jpg,9
BKHN_5_8-B.jpg,9
BKHN_5_8-C.jpg,9
BKHN_5_8-D.jpg,8
BKHN_5_9-A.jpg,7
BKHN_5_9-B.jpg,7
BKHN_5_9-C.jpg,7
BKHN_5_9-D.jpg,8
BKHN_6_0-A.jpg,9
BKHN_6_0-B.jpg,3
BKHN_6_0-C.jpg,7
BKHN_6_0-D.jpg,7
BKHN_6_1-A.jpg,9
BKHN_6_1-B.jpg,5
BKHN_6_1-C.jpg,3
BKHN_6_1-D.jpg,6
BKHN_6_10-A.jpg,9
BKHN_6_10-B.jpg,6
BKHN_6_10-C.jpg,9
BKHN_6_10-D.jpg,5
BKHN_6_11-A.jpg,8
BKHN_6_11-B.jpg,6
BKHN_6_11-C.jpg,7
BKHN_6_11-D.jpg,9
BKHN_6_2-A.jpg,6
BKHN_6_2-B.jpg,3
BKHN_6_2-C.jpg,7
BKHN_6_2-D.jpg,7
BKHN_6_3-A.jpg,5
BKHN_6_3-B.jpg,2
BKHN_6_3-C.jpg,6
BKHN_6_3-D.jpg,9
BKHN_6_4-A.jpg,4
BKHN_6_4-B.jpg,5
BKHN_6_4-C.jpg,7
BKHN_6_4-D.jpg,8
BKHN_6_5-A.jpg,9
BKHN_6_5-B.jpg,1
BKHN_6_5-C.jpg,9
BKHN_6_5-D.jpg,8
BKHN_6_6-A.jpg,5
BKHN_6_6-B.jpg,5
BKHN_6_6-C.jpg,8
BKHN_6_6-D.jpg,9
BKHN_6_7-A.jpg,6
BKHN_6_7-B.jpg,3
BKHN_6_7-C.jpg,7
BKHN_6_7-D.jpg,7
BKHN_6_8-A.jpg,9
BKHN_6_8-B.jpg,5
BKHN_6_8-C.jpg,5
BKHN_6_8-D.jpg,3
BKHN_6_9-A.jpg,7
BKHN_6_9-B.jpg,1
BKHN_6_9-C.jpg,6
BKHN_6_9-D.jpg,6